{
  "MAE": 1.465943745120687,
  "RMSE": 1.9808185746887277,
  "R2": 0.9977417859777471,
  "params": 47617
}