{
  "MAE": 1.4873268542254163,
  "RMSE": 2.0263363125366705,
  "R2": 0.9976368093784551,
  "params": 47233
}