{
  "MAE": 1.4294038059528937,
  "RMSE": 2.0203582842263765,
  "R2": 0.9976507324192938,
  "params": 47425
}