{
  "MAE": 1.8532884774867557,
  "RMSE": 2.5478597635223608,
  "R2": 0.9962638290372492,
  "params": 46849
}