{
  "proposed_tcn": {
    "MAE": 1.3640826971343136,
    "RMSE": 1.8421895684871998,
    "R2": 0.9980468106948905,
    "params": 47809
  },
  "baseline_mlp": {
    "MAE": 1.2187445462722708,
    "RMSE": 1.6861096336451111,
    "R2": 0.9983637588160462,
    "params": 525057
  },
  "baseline_1dcnn": {
    "MAE": 2.721887674224241,
    "RMSE": 4.217282111356992,
    "R2": 0.9897637470908824,
    "params": 16641
  },
  "baseline_lstm": {
    "MAE": 0.9786231336566408,
    "RMSE": 1.3918009192456826,
    "R2": 0.9988851153447367,
    "params": 52033
  },
  "ablation_raw_only": {
    "MAE": 1.8532884774867557,
    "RMSE": 2.5478597635223608,
    "R2": 0.9962638290372492,
    "params": 46849
  },
  "ablation_no_ripple": {
    "MAE": 1.4294038059528937,
    "RMSE": 2.0203582842263765,
    "R2": 0.9976507324192938,
    "params": 47425
  },
  "ablation_no_duty": {
    "MAE": 1.465943745120687,
    "RMSE": 1.9808185746887277,
    "R2": 0.9977417859777471,
    "params": 47617
  },
  "ablation_no_diff": {
    "MAE": 1.4873268542254163,
    "RMSE": 2.0263363125366705,
    "R2": 0.9976368093784551,
    "params": 47233
  },
  "tcn_ch8": {
    "MAE": 2.365594242861307,
    "RMSE": 3.2154263539507313,
    "R2": 0.9940495085706073,
    "params": 3313
  },
  "tcn_ch16": {
    "MAE": 1.5783709005745674,
    "RMSE": 2.109354161581588,
    "R2": 0.997439205618278,
    "params": 12385
  },
  "tcn_ch32": {
    "MAE": 1.3640826971343136,
    "RMSE": 1.8421895684871998,
    "R2": 0.9980468106948905,
    "params": 47809
  },
  "tcn_ch64": {
    "MAE": 1.3323930744937078,
    "RMSE": 1.819622953415681,
    "R2": 0.9980943702985291,
    "params": 187777
  },
  "tcn_ch128": {
    "MAE": 1.4117099128232218,
    "RMSE": 1.9402844025357968,
    "R2": 0.9978332615754318,
    "params": 744193
  }
}