{
  "MAE": 1.2187445462722708,
  "RMSE": 1.6861096336451111,
  "R2": 0.9983637588160462,
  "params": 525057
}