{
  "MAE": 2.721887674224241,
  "RMSE": 4.217282111356992,
  "R2": 0.9897637470908824,
  "params": 16641
}