{
  "MAE": 0.9786231336566408,
  "RMSE": 1.3918009192456826,
  "R2": 0.9988851153447367,
  "params": 52033
}