{
  "coarse": {
    "noise": {
      "MAE": 2.2117549795417375,
      "RMSE": 2.767195966022708,
      "R2": 0.9927018204813346
    },
    "sine": {
      "MAE": 1.3901946838028063,
      "RMSE": 1.8560079287248021,
      "R2": 0.9981905337742617
    },
    "static": {
      "MAE": 0.9075743297843664,
      "RMSE": 1.13344173363319,
      "R2": 0.9992310090096586
    }
  },
  "fine": {
    "noise_s20": {
      "MAE": 2.2117549795417375,
      "RMSE": 2.767195966022708,
      "R2": 0.9927018204813346
    },
    "sine_a20_f5.0": {
      "MAE": 1.3839935249616855,
      "RMSE": 1.8770638294783608,
      "R2": 0.9981787277240964
    },
    "sine_a40_f15.0": {
      "MAE": 1.0159457510882468,
      "RMSE": 1.2716597611853007,
      "R2": 0.9934525275957913
    },
    "sine_a40_f50.0": {
      "MAE": 0.8574555827539483,
      "RMSE": 1.0712267181967197,
      "R2": 0.7344174049452514
    },
    "sine_a50_f0.5": {
      "MAE": 1.9595392818691129,
      "RMSE": 2.459875554203219,
      "R2": 0.9982402201665623
    },
    "sine_a50_f1.0": {
      "MAE": 1.900519054417138,
      "RMSE": 2.402330235711149,
      "R2": 0.998402723828284
    },
    "sine_a50_f100.0": {
      "MAE": 0.9373773335214401,
      "RMSE": 1.1746526688607566,
      "R2": 0.8045584074270059
    },
    "sine_a50_f2.0": {
      "MAE": 1.6765322580080724,
      "RMSE": 2.150199287148216,
      "R2": 0.9988651772764341
    },
    "static_d600": {
      "MAE": 1.019821954068867,
      "RMSE": 1.2646400669982913,
      "R2": 0.5153051660843535
    },
    "static_d650": {
      "MAE": 0.8173656611649079,
      "RMSE": 1.0183525794518067,
      "R2": 0.7221985325578619
    },
    "static_d700": {
      "MAE": 0.885535374119324,
      "RMSE": 1.1035007999501596,
      "R2": 0.7354947767472277
    }
  }
}