{
  "MAE": 1.4117099128232218,
  "RMSE": 1.9402844025357968,
  "R2": 0.9978332615754318,
  "params": 744193
}