{
  "MAE": 1.3640826971343136,
  "RMSE": 1.8421895684871998,
  "R2": 0.9980468106948905,
  "params": 47809
}