{
  "MAE": 2.365594242861307,
  "RMSE": 3.2154263539507313,
  "R2": 0.9940495085706073,
  "params": 3313
}