{
  "MAE": 1.3323930744937078,
  "RMSE": 1.819622953415681,
  "R2": 0.9980943702985291,
  "params": 187777
}