{
  "MAE": 1.5783709005745674,
  "RMSE": 2.109354161581588,
  "R2": 0.997439205618278,
  "params": 12385
}